TP,FP,FN,TN,Recall,Precision,F-Measure,Specificity,RAND,NMI
16115,1,3594,3104040,0.81764676,0.99993795,0.89965108,0.99999968,0.99884914,0.88987845
