TP,FP,FN,TN,Recall,Precision,F-Measure,Specificity,RAND,NMI
16626,1,3083,3104040,0.843574,0.99993986,0.9151255,0.99999968,0.99901273,0.89326216
